[
    {   
        "id": 1,
        "sector_id": 1,
        "title": "Abandoned Farmland Restoration",
        "feature_img_url": "https://drawdown.org/sites/default/files/solutions/solution_farmlandrestoration01.jpg",
        "summary_short": "Restoration can bring degraded farmland back into productivity and sequester carbon in the process.",
        "intro_short": "Around the world, many farmers are abandoning previously cultivated or grazed lands due to factors such as damaging agricultural practices, desertification, and economic challenges, which threaten food security and contribute to greenhouse gas emissions. The Abandoned Farmland Restoration solution aims to restore these degraded lands to a productive state, enhancing food security, livelihoods, ecosystem health, and carbon sequestration. While this model focuses on agricultural restoration, it can also be applied to reforesting lands. Given rising global food demand and the need to prevent deforestation emissions, restoring abandoned farmland is a crucial climate solution.",
        "impact": "Worldwide, millions of hectares of farmland have been abandoned due to land degradation. We project that by 2050, 189.51-296.12 million hectares could be restored and converted to regenerative annual cropping or other productive, carbon-friendly farming systems, reducing carbon dioxide equivalent emissions by 12.48-20.32 gigatons. This solution could provide a lifetime net profit of US$2.66-4.34 trillion with an initial investment of US$98.16-159.91 billion and lifetime net operational cost of US$3.24-5.27 trillion, while producing an additional 9.2-15 billion metric tons of food.",
        "original_source_url": "https://drawdown.org/solutions/abandoned-farmland-restoration"
    },
    {   
        "id": 2,
        "sector_id": 2,
        "title": "Alternative Cement",
        "feature_img_url": "https://drawdown.org/sites/default/files/solutions2020/solution_alternativecement02.jpg",
        "summary_short": "Conventional cement production is a significant source of carbon dioxide. Reformulation can reduce emissions by millions of metric tons each year.",
        "intro_short": "Cement production is a major contributor to greenhouse gas emissions, with portland cement being the most common form. The process of making portland cement releases significant amounts of carbon dioxide, primarily from the breakdown of limestone in kilns and from energy use. Project Drawdown’s Alternative Cement solution aims to reduce these emissions by making the production of clinker, a key intermediate product, more efficient and reducing its proportion in cement. This can be achieved by substituting clinker with alternative materials like fly ash, slag, and natural pozzolans, while also improving the energy efficiency of kilns. Clinker substitution could potentially avoid up to 440 million metric tons of carbon dioxide emissions annually, but its success depends on standards, demand, and availability of alternatives.",
        "impact": "Cement is the second-most-used substance in the world after water, and cement production is a significant source of greenhouse gas emissions. Substituting materials such as volcanic ash, certain clays, finely ground limestone, ground bottle glass, or industrial waste products for conventional inputs can reduce the carbon footprint of cement by 7.70 to 15.56 gigatons between 2020 and 2050.",
        "original_source_url": "https://drawdown.org/solutions/alternative-cement"
    },
    {   
        "id": 3,
        "sector_id": 3,
        "title": "Bicycle Infrastructure",
        "feature_img_url": "https://drawdown.org/sites/default/files/solutions2020/solution_bicycle_infrastructure.jpg",
        "summary_short": "Infrastructure is essential for supporting safe and abundant bicycle use, which curbs emissions by reducing the need for fossil-fuel-dependent transportation.",
        "intro_short": "Project Drawdown's bicycle infrastructure solution involves building bike lanes to encourage cycling and reduce reliance on motorized road vehicles, thereby lowering the need for more car infrastructure. In 2018, bicycles accounted for 2.6% of urban passenger kilometers globally, with some countries, like the Netherlands, seeing over 30% of trips made by bike. Improved bike infrastructure, particularly separate cycling lanes and traffic-calming measures, has been shown to increase cycling and walking, providing economic benefits such as reduced health, congestion, and fuel costs. Expanding bicycle infrastructure is a cost-effective way to cut emissions and promote sustainable urban transportation.",
        "impact": "We assume an increase in bicycle infrastructure will drive bicycling from under 3 percent to almost 5-6 percent of urban trips globally by 2050, displacing 2.59-2.98 trillion passenger-kilometers traveled by conventional modes of transportation and avoiding 2.73-4.63 gigatons of carbon dioxide equivalent emissions. By building bike infrastructure or converting lanes rather than constructing roads, municipal governments and taxpayers can realize US$2.42-3.13 trillion in construction savings and US$5.91-8.45 trillion in lifetime net operational savings.",
        "original_source_url": "https://drawdown.org/solutions/bicycle-infrastructure"
    },
    {   
        "id": 4,
        "sector_id": 4,
        "title": "Biomass Power",
        "feature_img_url": "https://drawdown.org/sites/default/files/solutions/solution_biomass01.jpg",
        "summary_short": "Biomass feedstock can replace fossil fuels for generating heat and electricity. Perennial biomass offers a “bridge” to a clean, renewable energy future.",
        "intro_short": "Project Drawdown's Biomass Power solution focuses on using perennial biomass to generate electricity and heat, offering a carbon-neutral alternative to fossil fuel power plants. Biomass energy cycles carbon that is already in the atmosphere, making it a net-zero emissions source if managed sustainably. Unlike annual bioenergy crops like corn, which offer limited climate benefits, perennial grasses are more productive, require fewer resources, and are not food crops, making them an attractive option for energy production. This solution helps replace conventional power sources like coal, oil, and natural gas with a more sustainable energy system.",
        "impact": "This analysis assumes all biomass used for electricity generation is derived from perennial bioenergy feedstocks—not forests, annuals, or waste—and replaces conventional coal, oil, and natural gas. By 2050, biomass power could avoid 2.62-3.59 gigatons of carbon dioxide equivalent emissions with associated marginal first costs of US$56.48-69.24 billion. As clean wind and solar power combined with energy storage become more available in a flexible grid, the need for biomass power may decline in some regions.",
        "original_source_url": "https://drawdown.org/solutions/biomass-power"
    },
    {   
        "id": 5,
        "sector_id": 5,
        "title": "Farm Irrigation Efficiency",
        "feature_img_url": "https://drawdown.org/sites/default/files/solutions/solution_farmlandirrigation01.jpg",
        "summary_short": "Drip and sprinkler irrigation, among other practices and technologies, make farm water use less energy/fuel intensive and conserve significant amounts of freshwater.",
        "intro_short": "Project Drawdown's Farm Irrigation Efficiency solution promotes energy-efficient irrigation practices that enhance crop yields while reducing water use and emissions. Conventional irrigation, often inefficient, consumes significant energy, but switching to sprinkler and drip systems can reduce water usage by up to 25-40% compared to traditional methods. These methods also improve yields, lower costs, reduce soil erosion, and help manage water resources. Although infrastructure costs can be high, technologies like sensors, rainwater capture, and smart irrigation scheduling offer further efficiency gains. As climate change affects rainfall patterns, efficient irrigation is a key strategy for agricultural adaptation.",
        "impact": "Use of sprinkler and drip irrigation varies widely around the world. Our analysis assumes the area under improved irrigation grows from 53.8 million hectares in 2018 to 187.71-286.47 million hectares in 2050. The highest adoption increases would occur in Asia, where 62 percent of total irrigated area is located and currently only 7 percent of that land is under micro-irrigation. This growth could avoid 1.13-2.07 gigatons of carbon dioxide emissions and save 37-68 billion gallons of water with a US$534.60-938.58 billion lifetime net operational savings and a first cost of US$222.87-386.92 billion.",
        "original_source_url": "https://drawdown.org/solutions/farm-irrigation-efficiency"
    },
    {   
        "id": 6,
        "sector_id": 1,
        "title": "Bamboo Production",
        "feature_img_url": "https://drawdown.org/sites/default/files/solutions/Solution_Bamboo01.jpg",
        "summary_short": "Bamboo rapidly sequesters carbon in biomass and soil and can thrive on degraded lands. Long-lived bamboo products can store carbon over time.",
        "intro_short": "Project Drawdown's Bamboo Production solution focuses on large-scale bamboo cultivation on degraded forestland to sequester carbon in soils, biomass, and bamboo products. Bamboo grows quickly, sequesters carbon at rates comparable to trees, and regenerates via rhizomes, eliminating the need for replanting. Its rapid growth and ability to thrive in diverse environments make it a sustainable alternative for land use. Bamboo can be harvested for over 1,500 uses, including timber, furniture, and paper, while its non-invasive nature reduces environmental concerns. Bamboo production offers a valuable approach to reforesting degraded land and mitigating climate change.",
        "impact": "The baseline for calculating impacts of increased bamboo planting is 33.52 million hectares. We assume that it will be grown on an additional 69.8-174.3 million hectares of degraded forestlands. We calculate that living biomass and long-lived bamboo products can sequester 2.03 metric tons of carbon per hectare per year, resulting in a total of 7.70-19.60 gigatons of carbon dioxide sequestered by 2050. An initial investment of US$63.30-158.98 billion and lifetime operational cost of US$1.33-3.32 trillion could yield a lifetime net profit of US$4.00-10.00 trillion. Substituting bamboo for aluminum, concrete, plastic, or steel can yield significant avoided emissions; however, these additional benefits are not included.",
        "original_source_url": "https://drawdown.org/solutions/bamboo-production"
    },
    {   
        "id": 7,
        "sector_id": 2,
        "title": "Bioplastics",
        "feature_img_url": "https://drawdown.org/sites/default/files/solutions2020/solution_bioplastics02.jpg",
        "summary_short": "Most plastics are made from fossil fuels, but bioplastics utilize plants as an alternative source of carbon. They often have lower emissions and sometimes biodegrade.",
        "intro_short": "Project Drawdown's Bioplastics solution replaces conventional plastics made from petroleum with bioplastics derived from biomass. With around 365 million metric tons of plastic produced annually, nearly all from fossil fuels, experts estimate that 90% of plastics could instead come from plants. This shift would reduce climate emissions by using carbon from the atmosphere rather than fossil fuels. However, for bioplastics to be truly sustainable, proper waste separation and processing systems are needed to ensure they are effectively managed and recycled.",
        "impact": "We estimate the total production of plastics to grow from 311 million metric tons in 2014 to at least 792 million metric tons by 2050. This is conservative, with other sources estimating more than 1 billion metric tons if trends continue. We model the growth of bioplastics to capture 89-100 percent of the market by 2050, avoiding 1.33-2.48 gigatons of emissions. The net first cost to implement this solution is US$82.70-97.76 billion and the lifetime net operational cost/saving is US$0.",
        "original_source_url": "https://drawdown.org/solutions/bioplastics"
    },
    {   
        "id": 8,
        "sector_id": 3,
        "title": "Carpooling",
        "feature_img_url": "https://drawdown.org/sites/default/files/solutions2020/solution_carpooling.jpg",
        "summary_short": "When people share rides in passenger vehicles through ride-sharing or similar practices, they can reduce greenhouse gas emissions per traveler.",
        "intro_short": "Project Drawdown's Carpooling solution promotes sharing car trips to increase vehicle occupancy and reduce transportation costs and emissions. With the global average at 1.57 persons per car trip, raising occupancy can significantly cut fossil fuel use and greenhouse gas emissions. Strategies to promote carpooling include high-occupancy vehicle lanes, priority parking, and shared ride services like UberPOOL. Though ride-hailing services often operate as single-user taxis, their shared versions can help increase occupancy. As policies, technologies, and demographics evolve, carpooling is expected to grow, contributing to reduced emissions in urban transportation.",
        "impact": "We assume that urban car occupancy can rise from an average of 1.57 persons per vehicle in 2018 to 1.71 or 1.94 by 2050. Carpooling has no implementation costs and can reduce emissions by 9.6 to 11.07 gigatons of carbon dioxide while saving US$7.40-9.18 trillion in operating costs.",
        "original_source_url": "https://drawdown.org/solutions/carpooling"
    },
    {   
        "id": 9,
        "sector_id": 4,
        "title": "Concentrated Solar Power",
        "feature_img_url": "https://drawdown.org/sites/default/files/solutions/solution_concentratedsolar01.jpg",
        "summary_short": "Concentrated solar power uses sunlight as a heat source. Arrays of mirrors concentrate incoming rays onto a receiver to heat fluid, produce steam, and turn turbines.",
        "intro_short": "Concentrated solar power (CSP) uses mirrors to concentrate sunlight, generating heat that produces steam to drive turbines and create electricity. Unlike solar photovoltaic systems, CSP generates heat, allowing for energy storage without batteries, making it a renewable alternative to conventional power sources like coal and natural gas. The four main CSP technologies are parabolic trough collectors (PTC), parabolic dish collectors (PDC), heliostat towers, and linear Fresnel reflectors (LFR). While PTC is the most established, heliostat towers, which incorporate energy storage, are the most economically viable and likely to grow in use. This analysis models CSP technologies with and without storage.",
        "impact": "Concentrated solar power generated 0.05 percent of the world’s electricity in 2018. This analysis assumes that this solution could rise to 8-6 percent of world electricity generation by 2050, avoiding 18.00-21.51 gigatons of greenhouse gas emissions, with a net first cost to implement of US$481.52-576.86 billion. A benefit of concentrated solar power in addition to greenhouse gas mitigation is that it can store energy, allowing for extended use after dark or during peak demand periods.",
        "original_source_url": "https://drawdown.org/solutions/concentrated-solar-power"
    },
    {   
        "id": 10,
        "sector_id": 5,
        "title": "Improved Aquaculture",
        "feature_img_url": "https://drawdown.org/sites/default/files/solutions2020/2-iStock-1146294272.jpg",
        "summary_short": "Aquaculture is one of the fastest-growing animal food sectors. Because some aquaculture systems are highly energy intensive, ensuring part of the on-site energy consumption is based on renewable resources would reduce greenhouse gas emissions.",
        "intro_short": "Aquaculture is a rapidly growing animal food sector, projected to provide 59% of fish for human consumption by 2030. Emissions from feed production, fishmeal processing, and transportation account for 57% of aquaculture’s global greenhouse gas emissions, with the rest arising from nitrogen compound breakdown and on-farm energy use. Project Drawdown’s Improved Aquaculture solution involves replacing diesel and petrol-based generators with hybrid systems incorporating renewable energy sources like solar and wind, reducing emissions from energy use. As many aquaculture operations are still being established, there is an opportunity to minimize emissions by integrating hybrid energy systems from the outset.",
        "impact": "The application of hybrid energy to producing 38.05-60.93 million metric tons of live weight would reduce carbon dioxide equivalent emissions by 0.50-0.78 gigatons by 2050. Net first cost of installing and operating those hybrid energy systems amounts to US$151.37 to 241.87 billion for 2020-2050, and lifetime net operational savings are US$140.48-223.01 billion. The aquaculture industry is currently developing alternative feed components that might be responsible for important greenhouse gas reductions in the future.",
        "original_source_url": "https://drawdown.org/solutions/improved-aquaculture"
    },
    {   
        "id": 11,
        "sector_id": 1,
        "title": "Managed Grazing",
        "feature_img_url": "https://drawdown.org/sites/default/files/solutions/solution_managedgrazing01.jpg",
        "summary_short": "Managed grazing involves carefully controlling livestock density and timing and intensity of grazing. Compared with regular pasture practices, it can improve the health of grassland soils, sequestering carbon.",
        "intro_short": "Livestock grazing covers over 3.3 billion hectares, or 25% of the world’s land, making it the largest land use by humans. Poor grazing practices have led to land degradation and loss of soil carbon, while managed grazing can enhance carbon sequestration by controlling grazing intensity and timing. Project Drawdown defines managed grazing as strategically adjusting grazing practices to improve soil and vegetation health, replacing conventional grazing on grasslands. This approach can sequester 0.5 to 3 metric tons of carbon per acre, with methane and nitrous oxide emissions from ruminants offset by carbon sequestration until soil saturation is reached.",
        "impact": "Managed grazing can sequester 13.72-20.92 gigatons of carbon dioxide by 2050. However, this does not reduce the 10 gigatons of methane that are emitted on that grazing land today. To achieve this level of sequestration, adoption of managed grazing practices would need to increase from 71.6 million hectares to 502.1-749.02 million hectares over 30 years. Lifetime net operational savings are US$604.53-935.41 billion on a US$31.73-49.14 billion initial investment.",
        "original_source_url": "https://drawdown.org/solutions/managed-grazing"
    },
    {   
        "id": 12,
        "sector_id": 2,
        "title": "Composting",
        "feature_img_url": "https://drawdown.org/sites/default/files/solutions/solution_composting01.jpg",
        "summary_short": "Composting can range from backyard bins to industrial-scale operations. Regardless, it converts organic waste into soil carbon, averting landfill methane emissions in the process.",
        "intro_short": "For every million metric tons of organic wastes that decompose, 469 metric tons of carbon dioxide equivalent greenhouse gases in the form of methane are released. Composting—the conversion of such waste into a useful soil amendment—reduces those emissions by more than 50 percent. This solution replaces the disposal of biodegradable urban organic waste in landfills. The practice has other benefits as well, including potential carbon biosequestration benefits from the use of compost as a soil amendment and potential savings from reducing demand for nitrogen fertilizers.",
        "impact": "In 2015, an estimated 38 percent of food waste was composted in the US; 57 percent was composted in the EU. If all low-income countries reached the US rate and all middle-income countries achieved the EU rate, composting could avoid methane emissions from landfills equivalent to 1.13-1.40 gigatons of carbon dioxide by 2050. That total excludes additional gains from applying compost to soil. Compost facilities cost less to construct than to operate, which is reflected in the financial results.",
        "original_source_url": "https://drawdown.org/solutions/composting"
    },
    {   
        "id": 13,
        "sector_id": 3,
        "title": "Efficient Aviation",
        "feature_img_url": "https://drawdown.org/sites/default/files/solutions/airplanes-web.jpg",
        "summary_short": "Technologies and practices that can lower airplane emissions include better engines, wingtips, and reducing airplanes’ weight.",
        "intro_short": "Project Drawdown's Efficient Aviation solution focuses on using advanced aircraft technologies to reduce fuel consumption in single-aisle and twin-aisle aircraft, impacting both passenger and air freight flights. In 2018, aviation accounted for about 2.6% of global carbon dioxide emissions. Improving fuel efficiency per passenger-kilometer is crucial as air travel grows. The study examines current, impactful technologies while excluding experimental ones like aviation biofuels. Although freight-only aircraft efficiency is not analyzed, the study considers the impact of passenger aircraft on air freight, as about 52% of air freight is carried in passenger aircraft. Future advancements in airplane design and sustainable fuels may further reduce emissions from air travel.",
        "impact": "This analysis focuses on adoption of the latest and most fuel-efficient aircraft; retrofitting existing aircraft with winglets, newer engines, and lighter interiors; and retiring older aircraft early. Over 30 years, and for a net first cost of US$3.47-3.79 trillion, we could avoid 5.29-5.82 gigatons of carbon dioxide equivalent emissions and save $1.59-2.24 trillion in lifetime jet-fuel and operating costs. Other efficiency measures could further reduce emissions and increase savings as over 80 percent of aircraft are converted.",
        "original_source_url": "https://drawdown.org/solutions/efficient-aviation"
    },
    {   
        "id": 14,
        "sector_id": 4,
        "title": "Distributed Energy Storage",
        "feature_img_url": "https://drawdown.org/sites/default/files/solutions/solution_distributedenergystorage01.jpg",
        "summary_short": "Standalone batteries and electric vehicles store energy. They can enable 24/7 electricity supply even when the sun isn’t shining or the wind isn’t blowing.",
        "intro_short": "Project Drawdown’s Distributed Energy Storage solution focuses on using decentralized storage systems, such as stand-alone batteries and electric vehicles, to replace reliance on centralized electricity grids. This approach supports the transition to renewable energy by balancing supply and demand, enabling buildings to store and use clean energy, and avoiding high costs during peak times. Combined with distributed generation like rooftop solar, it can enhance energy independence and modernize the energy system through smart grid services. Although currently limited by high costs and inadequate policy incentives, distributed energy storage is expected to grow as battery prices decrease and utilities seek to manage rising demand and infrastructure needs.",
        "impact": "Distributed energy storage is an essential enabling technology for many solutions. Microgrids, net zero buildings, grid flexibility, and rooftop solar all depend on or are amplified by the use of dispersed storage systems, which facilitate uptake of renewable energy and avert the expansion of coal, oil, and gas electricity generation. Adoption of distributed storage is different for urban and rural settings. The greenhouse gas and financial impacts of the Distributed Energy Storage solution are accounted for by other drawdown solutions, so we don’t quantify them here.",
        "original_source_url": "https://drawdown.org/solutions/distributed-energy-storage"
    },
    {   
        "id": 15,
        "sector_id": 5,
        "title": "Improved Cattle Feed",
        "feature_img_url": "https://drawdown.org/sites/default/files/solutions2020/solutions_improvedcattlefeed02.jpg",
        "summary_short": "Optimizing cattle feeding strategies can lower the methane emissions produced within the ruminant digestive system. Nutrient enriched diets of high-quality forages, additives, and supplements aim to improve animal health and productivity.",
        "intro_short": "Project Drawdown’s Improved Cattle Feed solution focuses on modifying cattle diets to reduce methane emissions, a potent greenhouse gas that accounts for 27% of anthropogenic methane emissions. By replacing conventional low-digestible feeds with high-quality forages like legumes, and supplementing diets with feeds such as maize or soy, this approach can enhance digestion and reduce methane production. Feed additives that impact the animal’s stomach microbiome can further cut methane emissions by up to 30%. The effectiveness of these strategies will depend on production systems, costs, market availability, and social acceptance. Implementing improved cattle feed could also lead to better food security and increased productivity.",
        "impact": "Improving cattle feed can reduce carbon dioxide equivalent emissions by 4.42-15.05 gigatons by 2050. This analysis factors in regional and farming system limitations in ingredient availability and feed utilization.",
        "original_source_url": "https://drawdown.org/solutions/improved-cattle-feed"
    },
    {   
        "id": 16,
        "sector_id": 1,
        "title": "Managed Grazing",
        "feature_img_url": "https://drawdown.org/sites/default/files/solutions/solution_managedgrazing01.jpg",
        "summary_short": "Managed grazing involves carefully controlling livestock density and timing and intensity of grazing. Compared with regular pasture practices, it can improve the health of grassland soils, sequestering carbon.",
        "intro_short": "Livestock grazing covers over 3.3 billion hectares, or 25% of the world’s land, making it the largest land use globally. Poor grazing practices lead to land degradation and soil carbon loss, while managed grazing can improve carbon sequestration and soil health by adjusting grazing intensity, timing, and incorporating rest periods. Project Drawdown's managed grazing solution involves these strategic adjustments to replace conventional grazing methods. Improved grazing can sequester 0.5–3 metric tons of carbon per acre. While methane and nitrous oxide emissions from ruminants persist, they are offset by the increased carbon sequestration until soil carbon saturation is reached.",
        "impact": "Managed grazing can sequester 13.72-20.92 gigatons of carbon dioxide by 2050. However, this does not reduce the 10 gigatons of methane that are emitted on that grazing land today. To achieve this level of sequestration, adoption of managed grazing practices would need to increase from 71.6 million hectares to 502.1-749.02 million hectares over 30 years. Lifetime net operational savings are US$604.53-935.41 billion on a US$31.73-49.14 billion initial investment.",
        "original_source_url": "https://drawdown.org/solutions/managed-grazing"
    },
    {   
        "id": 17,
        "sector_id": 2,
        "title": "Recycled Metals",
        "feature_img_url": "https://drawdown.org/sites/default/files/solutions2020/solution_recycledmetals_0.jpg",
        "summary_short": "Metals are extracted from nonrenewable ores. Recycled metals capitalize on already extracted materials—making it possible to produce goods more efficiently, reduce the need to extract new resources, and cut down on energy and water use.",
        "intro_short": "Project Drawdown's Recycled Metals solution involves producing metals from recycled materials rather than from virgin ores. This approach reduces greenhouse gas emissions significantly, as producing metals from recycled materials uses less energy compared to extracting and processing ores from lower-grade deposits, which require more energy and have a larger environmental footprint.",
        "impact": "Recycled metals are estimated to increase from 39 percent of the market to 41-48 percent of a growing market for metals production, saving 4.31-12.34 gigatons of carbon dioxide equivalent emissions between 2020 and 2050.",
        "original_source_url": "https://drawdown.org/solutions/recycled-metals"
    },
    {   
        "id": 18,
        "sector_id": 3,
        "title": "Efficient Ocean Shipping",
        "feature_img_url": "https://drawdown.org/sites/default/files/solutions/solution_ships01.jpg",
        "summary_short": "Huge volumes of goods are shipped across oceans. Fuel-saving ship design, technologies, and practices can trim greenhouse gas emissions.",
        "intro_short": "Project Drawdown’s Efficient Ocean Shipping solution aims to cut fuel use in international maritime shipping by implementing technologies on large vessels such as bulk carriers, oil tankers, container ships, and general cargo ships, replacing those with typical 2014 efficiency. Shipping accounts for nearly 3% of global greenhouse gas emissions, with an estimated 1,076 million metric tons of CO2 equivalent emitted in 2018, and these emissions are projected to increase significantly by 2050. Emissions are influenced by transportation demand, ship efficiency, operational conditions, and fuel use.",
        "impact": "A combination of 17 ship technologies with slow steaming (slowing the ship speed) can cut fuel consumption of ocean ships in half. If 50-75 percent of international ships adopt these technologies and practices, we could reduce carbon dioxide emissions 6.72-9.83 gigatons by 2050 at a net first cost to implement of US$0.72-1.01 trillion. That could save US$2.48-3.54 trillion in operating costs over the life of the ships.",
        "original_source_url": "https://drawdown.org/solutions/efficient-ocean-shipping"
    },
    {   
        "id": 19,
        "sector_id": 4,
        "title": "Distributed Solar Photovoltaics",
        "feature_img_url": "https://drawdown.org/sites/default/files/solutions2020/solution_rooftopsolar02.jpg",
        "summary_short": "Whether grid-connected or part of stand-alone systems, rooftop solar panels and other distributed solar photovoltaic systems offer hyper-local, clean electricity generation.",
        "intro_short": "Distributed solar photovoltaics (PV), typically installed on rooftops with capacities under 1 megawatt, replace traditional electricity sources like coal, oil, and natural gas power plants. Solar cells convert sunlight into electricity and come in three generations: first-generation silicon-based cells, second-generation thin-film cells, and advanced third-generation cells currently in development. While earlier forecasts estimated that PV would contribute less than 10% of electricity by 2050, recent trends in adoption, efficiency improvements, and declining costs suggest that solar PV could supply nearly 60% of global electricity by 2050.",
        "impact": "We assume that distributed solar photovoltaics can grow from 180 terawatt-hours of electricity generation to 6,010.21-9,786.80 terawatt-hours by 2050. This large range is due to the many possibilities for future renewable technologies and the extent of electrification. That growth can avoid 26.65-64.86 gigatons of greenhouse gas emissions. With implementation costs declining by the day, increased adoption of distributed solar photovoltaics could save US$7.61-13.14 trillion in operation, maintenance, and fuel costs over fossil fuel-based electricity generation.",
        "original_source_url": "https://drawdown.org/solutions/distributed-solar-photovoltaics"
    },
    {   
        "id": 20,
        "sector_id": 5,
        "title": "Improved Manure Management",
        "feature_img_url": "https://drawdown.org/sites/default/files/solutions2020/solution_improvedmanuremanagement.jpg",
        "summary_short": "Livestock manure produces methane, a potent greenhouse gas. Advanced technologies and practices for managing manure can reduce the adverse climate impact of animal agriculture.",
        "intro_short": "Project Drawdown’s Improved Manure Management solution aims to reduce methane emissions from cattle and pig production systems through strategies in liquid manure management. This involves decreasing storage time by daily spreading of manure on land and covering anaerobic lagoons with sealed, impermeable coverings. These methods replace conventional long-term storage and uncovered lagoons, effectively reducing methane emissions without increasing nitrous oxide. Daily spreading benefits crops by adding nitrogen and phosphorus, while covering lagoons captures methane for fuel use and controls odors.",
        "impact": "Practices such as reducing storage time and technologies such as covered lagoons can reduce the climate impact of livestock manure by 3.34-6.09 gigatons of carbon dioxide equivalent from 2020 to 2050. Implementing these practices and technologies comes at a net lifetime cost of US$1.27-2.99 billion.",
        "original_source_url": "https://drawdown.org/solutions/improved-manure-management"
    },
    {   
        "id": 21,
        "sector_id": 1,
        "title": "Multistrata Agroforestry",
        "feature_img_url": "https://drawdown.org/sites/default/files/solutions/solution_multistrataagroforestry01.jpg",
        "summary_short": "Multistrata agroforestry systems mimic the structure of natural forests. Layered trees and crops achieve high rates of both carbon sequestration and food production.",
        "intro_short": "The Multistrata Agroforestry solution is a perennial cropping system with multiple layers of carbon-sequestering vegetation, where crops grow under the shade of taller trees. This system mimics natural forests and offers substantial carbon sequestration while producing food. It also provides ecosystem services such as habitat, erosion control, and water quality. Replacing grazing on nondegraded tropical humid grassland, it has modest adoption potential but a high mitigation impact, combining the benefits of afforestation with food production. Protecting and expanding multistrata agroforestry in tropical humid climates should be a top priority for land-based climate solutions.",
        "impact": "Some existing agricultural systems can incorporate multistrata agroforestry; degraded lands can be converted or restored to it. If adopted on another 150.90-186.01 million hectares by 2050 (up from 100 million hectares currently), 13.26-23.94 gigatons of carbon dioxide equivalent greenhouse gases could be sequestered. The average sequestration rate of 4.45 metric tons of carbon per hectare per year is strong, as is the lifetime financial return of US$2.28-3.93 trillion on a US$70.44-120.03 billion initial investment and a lifetime net operational cost of US$186.24-319.82 billion.",
        "original_source_url": "https://drawdown.org/solutions/multistrata-agroforestry"
    },
    {   
        "id": 22,
        "sector_id": 2,
        "title": "Recycled Paper",
        "feature_img_url": "https://drawdown.org/sites/default/files/solutions/solution_recycledpaper01.jpg",
        "summary_short": "Reprocessing used paper curtails extraction of virgin feedstock and lowers emissions.",
        "intro_short": "Conventional paper is made from tree pulp, while recycled paper is produced from used paper, fiber, or pulp. Recycling paper involves processes like sorting, shredding, and de-inking, whereas conventional paper production requires harvesting, debarking, and pulping. Recycling uses less energy and emits fewer greenhouse gases compared to traditional methods. Paper can be recycled about five to seven times before the fibers degrade. Increasing paper recycling not only reduces emissions but also conserves forests and water. With global paper use rising, particularly for packaging, improving recovery rates—currently at around 50% worldwide, with some areas achieving 75%—can further lower emissions. Project Drawdown’s Recycled Paper solution focuses on enhancing the recovery and reprocessing of used paper to replace virgin paper feedstocks.",
        "impact": "Over 30 years, recycled paper can reduce greenhouse gas emissions by 2.28-2.90 gigatons. Two key assumptions inform this conclusion: 1) recycled paper produces about 25 percent fewer total emissions than conventional paper, and 2) the percentage of paper made from recycled paper rises from 55 percent to 69-74 percent. Although recycled paper content uses more electricity, the emissions related to harvesting and processing—and the total emissions from pulping and manufacturing—are higher for paper using virgin wood feedstock. The emissions reductions do not include carbon sequestration by trees that would not be harvested if the use of recycled paper grows.",
        "original_source_url": "https://drawdown.org/solutions/recycled-paper"
    },
    {   
        "id": 23,
        "sector_id": 3,
        "title": "Efficient Trucks",
        "feature_img_url": "https://drawdown.org/sites/default/files/solutions/solution_trucks01.jpg",
        "summary_short": "Fuel efficiency is critical to reduce truck emissions. Existing fleets can be retrofitted, while new trucks can be built to be more efficient or fully electric.",
        "intro_short": "Project Drawdown's Efficient Trucks solution focuses on using advanced technologies to reduce fuel consumption in medium and large freight trucks, replacing traditional trucking methods. Trucks significantly contribute to greenhouse gas emissions, with heavy trucks using about 50% of the freight industry's energy and light trucks using 20%. Despite making up just over 4% of vehicles in the US and 9% of total mileage, trucks consume over 25% of fuel, with road freight responsible for about 6% of global emissions. To counteract rising emissions, available efficiency measures include low-rolling-resistance tires, more efficient engines, idling reduction devices, aerodynamic improvements, and predictive cruise control. Implementing these technologies broadly could offer substantial emissions and financial benefits compared to continuing with conventional trucks.",
        "impact": "If adoption of fuel-saving technologies grows from 1.6 percent to 8.6-9.0 percent of trucks by 2050, this solution can deliver 9.15-10.77 gigatons of carbon dioxide equivalent emissions reductions. An initial investment of US$502.57-566.56 billion to implement the solution could save US$5.21-5.96 trillion on fuel costs over truck lifetimes.",
        "original_source_url": "https://drawdown.org/solutions/efficient-trucks"
    },
    {   
        "id": 24,
        "sector_id": 4,
        "title": "Geothermal Power",
        "feature_img_url": "https://drawdown.org/sites/default/files/solutions/solution_geothermal01.jpg",
        "summary_short": "Steamy hot water from underground reservoirs is the fuel for geothermal power. It can be piped to the surface to drive turbines that produce electricity without pollution.",
        "intro_short": "Project Drawdown’s geothermal power solution involves generating electricity using geothermal systems, which replaces conventional energy sources like coal, oil, and natural gas plants. Geothermal power harnesses underground hot water reservoirs to drive turbines and produce electricity. Although ideal geothermal conditions are rare, advancements in technology are expanding production capabilities. The main geothermal technologies include dry steam, flash steam (the most common), and binary cycle plants (which can utilize lower temperature reservoirs but are costlier). Geothermal power is reliable and efficient, operating continuously regardless of weather conditions, though drilling costs can be high. Enhanced or engineered systems, such as those exploiting “hot rock,” have the potential to significantly increase geothermal energy contributions, but these systems are still in early stages of development.",
        "impact": "We assume geothermal power grows from 0.34 percent of global electricity generation to 3 percent by 2050. That growth could reduce emissions by 6.15-9.17 gigatons of greenhouse gases and save US$0.79-1.18 trillion over the lifetime of the infrastructure. By providing baseload electricity, geothermal also supports expansion of variable renewables.",
        "original_source_url": "https://drawdown.org/solutions/geothermal-power"
    },
    {   
        "id": 25,
        "sector_id": 5,
        "title": "Nutrient Management",
        "feature_img_url": "https://drawdown.org/sites/default/files/solutions2020/solution_nutrientmanagement02.jpg",
        "summary_short": "Overuse of nitrogen fertilizers-a frequent phenomenon in agriculture—results in the production of nitrous oxide, a potent greenhouse gas. More judicious use of fertilizers can curb these emissions and reduce energy-intensive fertilizer production.",
        "intro_short": "Nitrogen fertilizers have significantly boosted agricultural productivity but come with environmental costs. While they enhance crop growth, unused nitrogen harms soil, pollutes waterways, and contributes to climate change. To mitigate these effects, farmers should apply fertilizers judiciously based on plant needs, timing, and placement. Project Drawdown defines optimal fertilizer application as using the right source, rate, time, and placement. This approach is crucial for both high-consumption countries with low nitrogen efficiency and those needing increased nutrient inputs. Education, assistance, incentives, and regulation can accelerate adoption, but the ultimate solution lies in land management practices that minimize or eliminate the need for synthetic nitrogen fertilizers.",
        "impact": "Reducing fertilizer overuse on 373.98-750.52 million hectares of farmland by 2050—up from an estimated 139 million hectares currently—could avoid nitrous oxide emissions equal to 2.77-11.48 gigatons of carbon dioxide. No investment is required, and farmers could save $22.82-63.84 billion from reduced fertilizer costs. Our analysis assumes adoption that roughly parallels conservation agriculture, as farmers are likely to be amenable to both practices.",
        "original_source_url": "https://drawdown.org/solutions/nutrient-management"
    },
    {   
        "id": 26,
        "sector_id": 1,
        "title": "Perennial Biomass Production",
        "feature_img_url": "https://drawdown.org/sites/default/files/solutions/solution_perennialbiomass01.jpg",
        "summary_short": "Bioenergy relies on biomass—often annual crops such as corn. Perennial plants (e.g., switchgrass, silvergrass, willow, eucalyptus) are a more sustainable source and sequester modest amounts of soil carbon.",
        "intro_short": "",
        "impact": "Perennial biomass production provides the feedstock for biomass power production, making possible the emissions savings that solution offers. It also could reduce emissions by some 4.00-7.04 gigatons of carbon dioxide equivalent by 2050 by replacing annual feedstocks with perennials and so sequestering more soil carbon. Our analysis assumes an increase from 0.27 million hectares currently to 106.92-189.95 million hectares by 2050. The net first cost to implement is US$195.02-338.28 billion and the lifetime operational cost is US$1.84-3.19 trillion, but profits over the lifetime could be US$1.13-1.95 trillion.",
        "original_source_url": "https://drawdown.org/solutions/perennial-biomass-production"
    },
    {   
        "id": 27,
        "sector_id": 2,
        "title": "Recycled Plastics",
        "feature_img_url": "https://drawdown.org/sites/default/files/solutions2020/solution_recycledplastics.jpg",
        "summary_short": "Recycling plastics requires less energy than producing new materials and relieves demand for fossil-fuel-based raw materials. It also saves landfill space and reduces environmental pollution.",
        "intro_short": "Project Drawdown's Perennial Biomass Production solution promotes the use of perennial grasses and coppiced woody plants for bioenergy feedstock over annual crops like corn. This approach offers several advantages: lower energy inputs compared to annual crops, higher productivity, and the ability to sequester carbon in soils. Perennial crops such as switchgrass, poplar, and willow show promise due to their natural productivity and reduced input requirements. Governments are increasingly supporting these systems for future energy farming. Beyond bioenergy production, these crops can be used for various products including clean cookstoves, paper, insulation, and bioplastics. The analysis focuses on two main types of perennial energy crops: herbaceous crops (mainly giant grasses) and short-rotation coppice (harvesting resprouting woody crops every two to three years).",
        "impact": "Plastics recycling is limited to nondurable goods such as packaging. Deployed to meet 25 to 57 percent of demand, it could save half a gigaton or more of carbon dioxide equivalent emissions by 2050—and mitigate other environmental damage as well.",
        "original_source_url": "https://drawdown.org/solutions/recycled-plastics"
    },
    {   
        "id": 28,
        "sector_id": 3,
        "title": "Electric Bicycles",
        "feature_img_url": "https://drawdown.org/sites/default/files/solutions2020/solution_electric_bicycles.jpg",
        "summary_short": "Battery-powered motors can boost the use of bicycles, reducing greenhouse gas emissions from cars.",
        "intro_short": "Project Drawdown's Electric Bicycles solution promotes the use of rechargeable battery-powered bicycles as a replacement for cars, public transit, conventional bicycles, two-wheelers, and walking. Electric bicycles offer numerous environmental benefits, providing easy mobility for urban commuters while allowing users to overcome obstacles like steep hills and long distances with minimal effort. However, e-bikes have drawbacks, including higher emissions during battery manufacturing and charging, potentially higher costs, and end-of-life challenges for spent batteries. This report analyzes the global environmental and financial impacts of increased e-bike usage from 2020 to 2050, comparing e-bikes to other mobility options like light-duty vehicles, mass transit, regular bicycles, and motorized two-wheelers.",
        "impact": "In 2018, electric-bicycle (e-bike) riders traveled around 289 billion kilometers, largely in China. Based on market research, we project use could increase to 1.44-1.66 trillion kilometers per year by 2050. The growth will occur in Latin America, the Middle East, and Africa. This solution could reduce carbon dioxide equivalent emissions by 1.39-1.55 gigatons and save e-bike owners US$402.06-446.01 billion in first costs and US$1.07-1.23 trillion in lifetime operating costs.",
        "original_source_url": "https://drawdown.org/solutions/electric-bicycles"
    },
    {   
        "id": 29,
        "sector_id": 4,
        "title": "Grid Flexibility",
        "feature_img_url": "https://drawdown.org/sites/default/files/solutions2020/solution_grid_flexibility.jpg",
        "summary_short": "Smarter, more flexible electric grids can cut energy losses. They also are critical to mainstreaming renewables, which are more variable than conventional energy sources.",
        "intro_short": "The electrical grid, which serves 85% of the world, was originally designed for constant, centralized power production, not the variability of renewable sources like solar and wind. To achieve a predominantly renewable electricity supply, the grid must become more flexible and adaptable. Various technologies contribute to grid flexibility, including constant renewables, utility-scale and small-scale storage, and demand-response tools. Strong transmission and distribution networks play a crucial role in balancing electricity sources across larger areas. Project Drawdown's Grid Flexibility solution encompasses a portfolio of practices and technologies aimed at increasing grid efficiency, resilience, and ability to integrate variable renewable energy sources. Each component of grid flexibility ranges from mature technologies to innovative solutions on the horizon, offering various degrees of cost-effectiveness and collateral benefits.",
        "impact": "Grid flexibility is a complicated, dynamic system, and it is nearly impossible to account for all local factors at a global scale. However, increased grid flexibility is critical if we are to derive more than 25 percent of electricity from variable renewable energy sources. The emissions reductions and financial impacts from this solution are counted in the variable renewable solutions that could not reach their full potential without it and so are not represented here.",
        "original_source_url": "https://drawdown.org/solutions/grid-flexibility"
    },
    {   
        "id": 30,
        "sector_id": 5,
        "title": "Seafloor Protection",
        "feature_img_url": "https://drawdown.org/sites/default/files/solutions2020/solution_seafloorprotection.jpg",
        "summary_short": "Vast amounts of carbon stored in seafloor sediments risk release by bottom-trawling fishing. Bottom-trawling bans and establishment of Marine Protected Areas can protect this important carbon sink.",
        "intro_short": "Project Drawdown's Seafloor Protection solution aims to legally protect the seafloor, particularly areas rich in organic carbon, from disturbance caused by bottom-trawling fishing. The ocean currently stores approximately 3,100 gigatons of carbon in the top meter of sediment, with a significant portion (75%) located in abyssal sediment. Currently, only about 6% of this carbon-rich area is protected through Marine Protected Areas (MPAs) or highly protected, no-take MPAs. Much of this vulnerable carbon remains unprotected within Exclusive Economic Zones (EEZs), which face high levels of disruption from activities like bottom trawling. Bottom trawling not only releases stored carbon but also damages benthic habitats and marine life, despite contributing less than 0.5% to global fisheries. Several jurisdictions have already banned bottom trawling, and efforts continue to establish more MPAs and promote sustainable ocean resource management.",
        "impact": "Bottom trawling contributes little to the global food supply, but when it disturbs carbon-rich sediments it can contribute significantly to the greenhouse gas burden in the atmosphere. Protecting 283.38-383.65 million hectares of seafloor from bottom trawling could reduce greenhouse gas emissions by 3.80-5.14 gigatons between 2020 and 2050.",
        "original_source_url": "https://drawdown.org/solutions/seafloor-protection"
    }

]